province,year,nqp,aging,urban,ur_gap,digint,in_fdi,in_elec,tertiary,tdr,lp
安徽,2011,0.262086511,14.7,0.45,2.693437,0.022670548,10.4007415,7.107581072,0.760498712,39.9,-0.073396811
安徽,2012,0.253125161,14.4,0.46,2.648735,0.022795089,10.59568428,7.216048475,0.765060176,39.7,-0.009196743
安徽,2013,0.285910159,14.8,0.48,2.575028,0.028735856,10.63614387,7.331780413,0.799089257,40.8,-0.119982336
安徽,2014,0.272943586,14.5,0.49,2.504942,0.027976456,10.77949781,7.368453245,0.841522044,39.5,-0.073631633
安徽,2015,0.293319196,15.7,0.51,2.489234,0.034553891,11.5757688,7.402323464,0.979563216,40.8,-0.05061965
安徽,2016,0.285317212,16.2,0.53,2.487713,0.043819288,11.11626151,7.492749159,1.067983503,40.9,-0.001158991
安徽,2017,0.295513958,19.1,0.54,2.480013,0.036385362,11.36952842,7.560851001,1.136540706,47.3,0.020611403
安徽,2018,0.235628977,19.4,0.56,2.457345,0.075790266,11.63500149,7.666254712,1.225912419,46.6,0.029188914
安徽,2019,0.319772691,20.7,0.57,2.435132,0.120706225,12.01759015,7.74109909,1.266499666,48.4,0.119466897
安徽,2020,0.31309244,22.05,0.58,2.373165,0.148759994,12.68449077,7.794823152,1.292025104,50.05,0.209137402
安徽,2021,0.307548583,23.4,0.59,2.341008,0.023398692,12.69096489,7.906547232,1.273838319,51.7,0.264510025
安徽,2022,0.285733253,23.9,0.6,2.305645,0.023453126,12.73287004,8.004031508,1.289611518,51.1,0.316183684
北京,2011,0.51261723,10.7,0.86,2.646267,0.032954641,11.80830781,6.711387535,3.786097157,21.3,0.550876481
北京,2012,0.494325638,10.5,0.86,2.623235,0.033179446,11.9140813,6.773423566,3.895306017,21.9,0.645357528
北京,2013,0.499789625,10.5,0.86,2.605929,0.03858132,12.08449806,6.816845404,4.031979464,22.7,1.013915219
北京,2014,0.558641553,10.5,0.87,2.572322,0.038815755,12.21119451,6.842736643,4.135777126,23,1.076807799
北京,2015,0.500387013,13.5,0.87,2.569838,0.047696648,12.85045754,6.859321051,4.574618761,26.2,0.986202487
北京,2016,0.475832373,15.2,0.87,2.567234,0.036206973,12.96540777,6.927822577,4.767821167,29.2,0.967527981
北京,2017,0.45564872,16.3,0.87,2.574505,0.04316501,13.09480511,6.972503153,4.893987404,30.6,0.98204085
北京,2018,0.340898067,14.4,0.87,2.566629,0.06551477,13.21351583,7.040869084,5.02210903,27.8,0.995481571
北京,2019,0.456709146,14.7,0.87,2.552855,0.088647157,13.303953,7.061334367,5.234040301,28,0.947295378
北京,2020,0.463075846,17,0.88,2.509527,0.103714606,13.37995782,7.038783541,5.244010385,31.9,0.879233931
北京,2021,0.474914491,19.3,0.88,2.447767,0.019392091,13.48311002,7.117205503,4.539883611,35.8,0.901594605
北京,2022,0.443913788,20.8,0.88,2.41765,0.020283383,13.53314765,7.155396302,5.243489662,37.3,0.871910306
福建,2011,0.354759693,10,0.58,2.543789,0.028658812,11.8269914,7.323738214,0.763046605,30.6,0.994160174
福建,2012,0.319384664,11.5,0.59,2.523613,0.029464016,11.88960694,7.36486362,0.763256388,33.9,1.077021608
福建,2013,0.334872484,10.9,0.61,2.47032,0.029663382,11.96091352,7.43879521,0.758392275,33.4,1.00206473
福建,2014,0.338486254,10.1,0.62,2.428617,0.034379264,12.06246206,7.52606576,0.753598529,33.7,1.067906985
福建,2015,0.329552561,12.3,0.63,2.412456,0.039743157,12.18950109,7.523945818,0.811818837,36.2,1.163745227
福建,2016,0.322152287,13.9,0.64,2.401093,0.030031311,12.32968311,7.58506775,0.870393702,39.4,1.276953658
福建,2017,0.328753054,13.2,0.66,2.387573,0.038113682,12.47120615,7.655731496,0.941516268,38.9,1.31017178
福建,2018,0.26624468,12.9,0.67,2.36356,0.065285231,12.53788404,7.746655117,0.926421121,35.5,1.36034264
福建,2019,0.332211077,13.7,0.68,2.331357,0.091685886,12.60307202,7.784057003,0.98007027,36.7,1.459997606
福建,2020,0.357461184,15.15,0.69,2.258621,0.109266187,12.66113711,7.817222786,1.026819182,40.25,1.484715227
福建,2021,0.357611865,16.6,0.7,2.201601,0.020282229,12.72843151,7.950502435,1.001136373,43.8,1.544124836
福建,2022,0.33287546,17.6,0.7,2.1538,0.020317542,12.88410619,7.972466016,1.105378092,44,1.861317692
甘肃,2011,0.146062136,12,0.37,3.671576,0.034919991,8.76311533,6.828116656,0.875076466,34.7,-0.256362124
甘肃,2012,0.136523336,12.5,0.39,3.646116,0.034897332,8.850660919,6.902340646,0.926041792,34.8,-0.150750127
甘肃,2013,0.151657358,12,0.41,3.555734,0.034848193,8.781094735,6.978400119,1.003141361,34.8,-0.039959881
甘肃,2014,0.150088936,12,0.42,3.473634,0.042575958,8.81936971,6.998947902,1.062373818,33.9,0.007871426
甘肃,2015,0.158366933,12.7,0.44,3.426615,0.055458252,8.943375541,7.001901145,1.324259599,36,0.059031582
甘肃,2016,0.152822852,13.6,0.46,3.445487,0.036803968,8.92651751,6.970870913,1.459110127,36.8,0.091063845
甘肃,2017,0.146732882,14.3,0.48,3.437717,0.065788593,9.913289358,7.059935447,1.574528977,38.7,0.158201473
甘肃,2018,0.101874642,15.9,0.5,3.402658,0.151197806,10.06972207,7.162025335,1.599217845,40.7,0.21559988
甘肃,2019,0.129644096,16.1,0.51,3.356839,0.229122111,10.15101147,7.160845907,1.675726663,40.1,0.350974154
甘肃,2020,0.138654321,17.65,0.52,3.269722,0.289998408,10.16319444,7.226936018,1.758248372,43.8,0.452030625
甘肃,2021,0.135007784,19.2,0.53,3.165136,0.033456555,10.64065162,7.309881486,1.567425823,47.5,0.600185205
甘肃,2022,0.123878449,19.8,0.54,3.088533,0.031237074,10.62132735,7.313886832,1.449329226,47.4,0.686373543
广东,2011,0.63053143,8.6,0.67,2.701091,0.036139234,13.0224679,8.389137068,0.93109617,31.2,0.831420643
广东,2012,0.620780051,9.1,0.67,2.69837,0.038146925,13.07871447,8.438020106,0.985526272,30.5,0.886881019
广东,2013,0.694253922,9.5,0.68,2.668684,0.040125651,13.14732912,8.48262245,1.032068977,31.5,0.997625747
广东,2014,0.683200359,11,0.69,2.625184,0.049790804,13.23936922,8.563166057,1.039886754,32.9,1.048585894
广东,2015,0.669308186,9.6,0.7,2.601572,0.058837768,13.37593526,8.577477049,1.109545377,30.5,1.096700334
广东,2016,0.647511363,10.2,0.7,2.596748,0.083886805,13.56906128,8.632329171,1.21590064,32.3,1.188934029
广东,2017,0.695402145,10.3,0.71,2.596641,0.06663693,14.38208891,8.692652926,1.284511348,32.6,1.213144471
广东,2018,0.555660784,11,0.72,2.58277,0.110163147,14.46963881,8.75200441,1.321555129,33.6,1.26950297
广东,2019,0.724741459,11.4,0.73,2.55702,0.152344654,14.48500623,8.809265612,1.389684146,32.5,1.397828188
广东,2020,0.747265041,12,0.74,2.495011,0.18742964,14.5889378,8.843037725,1.425883501,35.55,1.492483148
广东,2021,0.725774705,12.6,0.75,2.459159,0.039725865,14.66073484,8.970432074,1.368369208,38.6,1.542313745
广东,2022,0.681629896,13.3,0.75,2.411433,0.039093423,14.6968371,8.970813341,1.359592328,39,1.740351363
广西,2011,0.197767839,13.9,0.42,3.057804,0.031703816,10.30701746,7.014104306,0.955460719,46,0.776208448
广西,2012,0.198220566,13.7,0.43,2.999855,0.032411057,10.34634478,7.050902788,1.03797384,46.9,0.817488291
广西,2013,0.212877363,13.4,0.45,2.911459,0.037343875,10.37120733,7.121010098,1.156944769,44.4,0.861690496
广西,2014,0.222997651,13.9,0.47,2.841069,0.036952212,10.52931903,7.176246887,1.171641791,45.8,0.903137101
广西,2015,0.230917886,14.4,0.48,2.790324,0.044028842,10.65794148,7.196177078,1.269040994,47.9,0.952719619
广西,2016,0.223720625,14.1,0.49,2.734241,0.028086656,10.68556094,7.214982593,1.369026864,45,1.018975853
广西,2017,0.225146964,14.3,0.51,2.693333,0.04494994,10.93667204,7.275829998,1.429402278,47.1,1.034542224
广西,2018,0.163831934,14.7,0.52,2.608444,0.111088807,11.04648349,7.440170168,1.481256257,46.8,1.056452001
广西,2019,0.219042554,15,0.53,2.540582,0.176447488,11.42562314,7.553286606,1.532839464,47.1,1.166238785
广西,2020,0.229786962,17.25,0.54,2.420452,0.227938594,12.57552708,7.61529834,1.621743203,51.1,1.228484062
广西,2021,0.21224153,19.5,0.55,2.354703,0.027698739,13.71081649,7.713337889,1.48508909,55.1,1.326848186
广西,2022,0.206250072,20.3,0.56,2.277462,0.026734071,13.78577274,7.70391021,1.484959124,54.5,1.499254448
贵州,2011,0.15798828,13.6,0.35,3.648144,0.039056525,8.644882553,6.850263869,1.176280491,49.9,-0.029142053
贵州,2012,0.160057396,13.5,0.36,3.606901,0.038866905,8.945071894,6.953397637,1.164163722,47.3,0.168842292
贵州,2013,0.180469051,13.5,0.38,3.486775,0.037725792,9.380589348,7.026693203,1.199211605,45.7,0.585428364
贵州,2014,0.181885913,13.4,0.4,3.380003,0.04160739,9.646787218,7.067950511,1.202908665,45.6,0.769880541
贵州,2015,0.208000645,13.9,0.43,3.327467,0.048835025,9.806260537,7.06835086,1.209998262,46.9,0.944918805
贵州,2016,0.221861154,14.1,0.46,3.305686,0.071170717,10.07403169,7.124301113,1.222234654,46.8,1.054430219
贵州,2017,0.235064089,14.5,0.48,3.278836,0.064571325,10.34980665,7.233375993,1.328190066,45.4,1.11977876
贵州,2018,0.181994766,17.1,0.5,3.251544,0.146825322,10.72112853,7.301228774,1.396789074,50.6,1.162143449
贵州,2019,0.209978387,17.5,0.51,3.198587,0.235604383,10.79388595,7.340186835,1.426325044,51.1,1.214923981
贵州,2020,0.193541646,17.85,0.53,3.100498,0.289085749,11.33347578,7.368970402,1.446191921,52.8,1.319013894
贵州,2021,0.193330228,18.2,0.54,3.050016,0.026998345,11.45741276,7.463363046,1.441821765,54.5,1.392702357
贵州,2022,0.168738157,18.7,0.55,2.997447,0.027184864,12.27699698,7.463363046,1.431423426,54.3,1.421116805
海南,2011,0.152423784,9.4,0.5,2.639906,0.03729049,10.00179324,5.221868194,1.721882914,36.6,1.38779822
海南,2012,0.148460791,9.9,0.51,2.615916,0.037026185,10.20625526,5.348535083,1.817853319,35.8,1.424812633
海南,2013,0.173713267,11.2,0.52,2.546126,0.035445898,10.2033699,5.446737372,2.185910241,36.8,1.462112468
海南,2014,0.186404511,10.5,0.53,2.470191,0.040426586,10.23595177,5.528952784,2.213309135,36.4,1.552067646
海南,2015,0.198024407,11.8,0.55,2.427335,0.049007094,10.34733969,5.607124721,2.283384302,39.4,1.589582251
海南,2016,0.196267813,11.5,0.57,2.402516,0.034924234,11.23900165,5.660561772,2.501659292,38.9,1.598430841
海南,2017,0.191350192,11.4,0.58,2.388544,0.060092851,11.23965899,5.720147829,2.547571257,38.9,1.638474639
海南,2018,0.131808683,11.3,0.59,2.383945,0.120366201,11.43812648,5.789287162,2.726806571,37.7,1.66522639
海南,2019,0.180498108,13.1,0.59,2.38318,0.168659011,11.55721026,5.872117789,2.923140801,40.5,1.760077735
海南,2020,0.194691449,14.3,0.6,2.278825,0.026643605,14.8252756,5.894402834,3.131878381,42.1,1.829679341
海南,2021,0.225029454,15.5,0.61,2.224663,0.025636872,15.3256142,6.003887067,3.230818827,43.7,1.930831751
海南,2022,0.19930537,16.2,0.61,2.098551,0.025087015,15.55077022,6.02827852,3.181095744,43.4,1.928825712
河北,2011,0.264556199,11,0.46,2.505357,0.050275197,10.72985358,8.001321524,0.818101309,34.7,-0.005746791
河北,2012,0.258511364,12.5,0.47,2.478794,0.027398115,10.79875892,8.031937844,0.846525088,37.1,0.06504322
河北,2013,0.289853603,12.6,0.48,2.419134,0.060078484,10.90672633,8.086779438,0.889152294,36.9,0.19481193
河北,2014,0.305090189,12.9,0.49,2.370018,0.03661326,11.03706472,8.10594439,0.920745149,38.8,0.198964678
河北,2015,0.30688563,14.2,0.52,2.366483,0.037805393,11.20672634,8.063270764,1.022474934,39.7,0.173685715
河北,2016,0.291436285,15.4,0.54,2.370081,0.05426686,11.34829843,8.090868017,1.058950885,41.6,0.17302319
河北,2017,0.319711983,16.8,0.56,2.371555,0.044532185,11.47020584,8.143732436,1.152981687,42.4,0.183024527
河北,2018,0.218594149,18.4,0.57,2.350296,0.097413079,11.59602503,8.20676368,1.259444673,45.3,0.239321993
河北,2019,0.29825151,19.3,0.59,2.324725,0.15152715,11.97660288,8.257385656,1.348872978,47,0.301845622
河北,2020,0.310590178,21,0.6,2.264286,0.189568788,12.32564075,8.277411999,1.334418203,49.4,0.411034173
河北,2021,0.291956574,22.7,0.61,2.188844,0.031802778,12.36904147,8.364973978,1.223474242,51.8,0.451185333
河北,2022,0.269798428,23.8,0.62,2.131688,0.030661379,12.49387971,8.376550862,1.32984079,52,0.625294588
河南,2011,0.296122372,12.5,0.4,2.526971,0.022640936,10.65379454,7.885758041,0.638144006,41.9,0.161889756
河南,2012,0.270867556,12.5,0.42,2.4919,0.022836884,10.74378238,7.918519477,0.687527422,41.6,0.218007083
河南,2013,0.304419488,12.7,0.44,2.424016,0.024021181,10.77450891,7.972190116,0.73833102,42.2,0.33380739
河南,2014,0.324838787,12.5,0.45,2.375276,0.029242719,10.98322279,7.979191624,0.784551565,42.2,0.35075447
河南,2015,0.313137412,14.2,0.47,2.356583,0.035521418,11.13765003,7.96541362,0.842477393,44.6,0.337114123
河南,2016,0.304964304,14.6,0.49,2.328204,0.024618789,11.31750651,8.002744345,0.905824542,44.6,0.345333569
河南,2017,0.304574728,15.9,0.51,2.323925,0.04054285,11.55730592,8.060277935,0.942933005,46.4,0.360486861
河南,2018,0.221032813,16.3,0.52,2.304533,0.087853028,11.56559381,8.136717237,1.070222246,47.8,0.383146257
河南,2019,0.281232059,17.2,0.54,2.255408,0.122663924,11.66398853,8.120886021,1.130706385,48.5,0.471814026
河南,2020,0.273500144,19.55,0.55,2.157313,0.16561969,11.62553961,8.129174997,1.200873952,52.6,0.600199636
河南,2021,0.285340667,21.9,0.56,2.115725,0.026518204,11.56361858,8.201660191,1.225397176,56.7,0.653473142
河南,2022,0.250318497,22.7,0.57,2.058298,0.027183897,11.54248427,8.270781013,1.370703594,55.8,0.666639548
黑龙江,2011,0.220946997,10,0.56,2.262124,0.030971407,9.949464239,6.6869465,0.675955495,24.6,-0.333803533
黑龙江,2012,0.204317927,11.2,0.57,2.258157,0.029884239,10.00996245,6.718892374,0.744440958,26.5,-0.21772122
黑龙江,2013,0.207229495,11.3,0.58,2.225211,0.031816655,10.03425262,6.739573286,0.789378592,26.5,-0.158258288
黑龙江,2014,0.209771812,11.9,0.59,2.16292,0.035371632,10.08510053,6.756257743,0.945612019,26.6,-0.08645633
黑龙江,2015,0.200377092,13.8,0.6,2.181433,0.043755234,10.01243164,6.767308602,1.286230869,27.3,-0.094907791
黑龙江,2016,0.187271982,15.3,0.61,2.175118,0.032702789,10.24991012,6.798632138,1.478168957,28.2,-0.131275767
黑龙江,2017,0.18006444,15.6,0.62,2.167075,0.054958219,10.42433281,6.833645768,1.65597386,28.3,-0.076531617
黑龙江,2018,0.124903776,15.8,0.63,2.114677,0.095219858,10.6630543,6.881288093,1.784304299,29.5,-0.084397115
黑龙江,2019,0.162449747,18.1,0.65,2.065479,0.136349776,10.73739618,6.903747258,1.846405319,31.2,-0.040909073
黑龙江,2020,0.164437622,20.45,0.66,1.92448,0.164018886,12.03503518,6.921658184,1.953245022,33.7,0.042275275
黑龙江,2021,0.150556043,22.8,0.66,1.880821,0.025514531,12.06335634,6.993015123,1.788400832,36.2,0.04566655
黑龙江,2022,0.151269943,24.4,0.66,1.886311,0.026037331,12.0996004,7.037905963,1.664824,37.1,0.087904325
湖北,2011,0.275636107,13.4,0.52,2.411538,0.021650605,10.85699699,7.279842836,0.789168655,32.3,0.515054176
湖北,2012,0.268822253,14.3,0.53,2.403053,0.021747262,10.9729113,7.318473233,0.785780894,33.1,0.577736853
湖北,2013,0.312984884,13.2,0.55,2.338836,0.026965077,11.08761983,7.396212587,0.898846053,33.1,0.566788109
湖北,2014,0.30456239,13.9,0.56,2.290718,0.025461606,11.26023724,7.412486369,0.940397758,35.6,0.592322264
湖北,2015,0.307457298,15.3,0.57,2.283941,0.031724888,11.39898379,7.417676494,1.007008364,35.9,0.619595185
湖北,2016,0.296599925,15.9,0.59,2.309312,0.041975534,11.50606196,7.474834574,1.061437324,37.1,0.702198969
湖北,2017,0.290239781,17,0.6,2.308789,0.030178595,11.65358266,7.533158807,1.144986286,39,0.741849743
湖北,2018,0.211188823,17.3,0.61,2.300374,0.056649204,11.86551708,7.635994469,1.189257934,38.6,0.750160721
湖北,2019,0.276992917,18.3,0.62,2.294003,0.084185066,12.13585402,7.702556113,1.222907654,40.2,0.811173068
湖北,2020,0.289362401,20.4,0.63,2.251073,0.108748645,12.37611495,7.670428522,1.439556164,42.9,0.861484138
湖北,2021,0.288535833,22.5,0.64,2.205926,0.017876593,12.35750535,7.812782819,1.351322412,45.6,0.988950753
湖北,2022,0.27386722,23.9,0.65,2.162768,0.018878989,12.44035394,7.881559917,1.412863689,46.4,1.024551141
湖南,2011,0.297065169,14.6,0.45,2.767439,0.023258863,10.46190262,7.165060615,0.856792291,39.6,0.397572551
湖南,2012,0.278210998,15.8,0.46,2.763335,0.023162384,10.55531782,7.205263912,0.877703567,42.4,0.480327468
湖南,2013,0.299136758,14.9,0.48,2.697087,0.027842995,10.60871151,7.26059287,0.92014697,40.5,0.362681896
湖南,2014,0.28164041,15.4,0.49,2.641153,0.028780648,10.74304842,7.266044919,0.962799469,41.2,0.389110892
湖南,2015,0.275162756,16,0.51,2.623306,0.031769603,10.86182193,7.277683015,1.036263294,42.1,0.408101897
湖南,2016,0.269912183,17,0.53,2.622297,0.044057634,10.96819829,7.310316174,1.158700355,43,0.479086338
湖南,2017,0.274037838,17.5,0.55,2.624304,0.033142259,12.0039075,7.366135366,1.290502088,44.1,0.505157097
湖南,2018,0.208933204,18.4,0.56,2.603988,0.075016901,12.11825185,7.464647361,1.391057314,47,0.527429118
湖南,2019,0.261741638,19.7,0.57,2.587983,0.114568455,12.12337558,7.530479995,1.35343501,49.6,0.701431125
湖南,2020,0.278186142,21.65,0.59,2.5142,0.146849846,12.277956,7.564757013,1.338794422,50.95,0.855566822
湖南,2021,0.274568707,23.6,0.6,2.452364,0.02039531,12.37031509,7.675546003,1.318465201,52.3,0.875390436
湖南,2022,0.252503932,24.5,0.6,2.419984,0.020922592,12.41471151,7.712443834,1.39987039,52.2,1.04285966
吉林,2011,0.213688731,11.1,0.53,2.232512,0.030842289,10.05418943,6.445957886,1.26130859,27.3,0.116011085
吉林,2012,0.208109915,9.7,0.55,2.213934,0.030283037,10.08121524,6.456769656,1.256998069,25,0.164009283
吉林,2013,0.216769785,12.3,0.56,2.180861,0.029410229,10.36656097,6.482801494,1.289297612,27.3,0.410399508
吉林,2014,0.223581776,13.1,0.57,2.153803,0.03292879,10.41415316,6.504003702,1.285579122,28.8,0.346179326
吉林,2015,0.217609316,14.2,0.58,2.19857,0.03887778,10.46965327,6.47998321,1.279274584,29.7,0.247146385
吉林,2016,0.206771165,14.2,0.59,2.188402,0.055166098,10.48026944,6.503734128,1.382965089,30.7,0.168253288
吉林,2017,0.194212213,16.2,0.6,2.186795,0.051066535,10.56808093,6.555328442,1.459441872,32.7,0.086597057
吉林,2018,0.138828769,16.4,0.61,2.194646,0.10222633,10.79975923,6.620832918,1.49120079,32.7,0.143124438
吉林,2019,0.189774051,17.7,0.62,2.162493,0.158939806,11.07126825,6.65929392,1.524789591,33.4,0.246274839
吉林,2020,0.190135106,20.45,0.63,2.078546,0.182921309,11.16724698,6.690842277,1.477603648,36.05,0.445867164
吉林,2021,0.18346481,23.2,0.63,2.020519,0.026789918,11.87617872,6.736966958,1.434830023,38.7,0.444650832
吉林,2022,0.15831086,24.8,0.64,1.956049,0.026209114,11.74720676,6.747586527,1.546542492,39.9,0.523473471
江苏,2011,0.565889597,14.2,0.62,2.379933,0.019949135,13.25838093,8.362086722,0.820381115,31.2,0.312214835
江苏,2012,0.559946239,15.3,0.63,2.374351,0.020862755,13.34550693,8.429650764,0.858530872,32.7,0.386094988
江苏,2013,0.578697324,16.5,0.64,2.335996,0.021098441,13.40960935,8.508475301,0.917771892,34.4,0.481139081
江苏,2014,0.566883028,16.3,0.66,2.296163,0.025918815,13.48440728,8.519698052,0.97183466,34.8,0.498182191
江苏,2015,0.588855982,17.2,0.67,2.286584,0.032006038,13.56980693,8.539874026,1.016777639,35.6,0.568753634
江苏,2016,0.555409014,18.6,0.69,2.280586,0.024050544,13.68752718,8.605011743,1.092122198,37.4,0.571433211
江苏,2017,0.573476434,19.2,0.7,2.27696,0.034338398,13.78073173,8.666972617,1.091411687,37.7,0.549946452
江苏,2018,0.430135816,19.9,0.71,2.264332,0.062890077,13.87003852,8.720667771,1.114103215,38.9,0.542762679
江苏,2019,0.544228494,21.2,0.72,2.251643,0.090957219,13.97551408,8.742574238,1.168812274,40.6,0.578944007
江苏,2020,0.588275015,23.1,0.73,2.194479,0.105839953,14.13012347,8.759982495,1.201822488,43.55,0.632542308
江苏,2021,0.569790602,25,0.74,2.155351,0.019604939,14.17381417,8.867990898,1.138841695,46.5,0.672860899
江苏,2022,0.529502451,26.3,0.74,2.112547,0.019611465,14.21535993,8.909235279,1.133966523,47.1,0.818675562
江西,2011,0.218082994,10.8,0.46,2.480303,0.024100736,10.80122727,6.727551478,0.619438309,41,0.152401366
江西,2012,0.215063378,11.5,0.47,2.478712,0.024233878,10.89408766,6.765846033,0.649210103,42.1,0.21308188
江西,2013,0.224021122,12.6,0.49,2.433711,0.02938007,10.9813868,6.853404684,0.665331054,40.3,0.237152008
江西,2014,0.22961928,13.2,0.51,2.402787,2.520422804,11.11282096,6.926105872,0.704273733,42.8,0.288214013
江西,2015,0.245079309,13,0.52,2.379029,0.036893156,11.19241712,6.991416049,0.800554513,44,0.325716893
江西,2016,0.234956488,13.9,0.54,2.362251,0.026474025,11.26109948,7.07538612,0.900314916,44.6,0.393819107
江西,2017,0.259389848,14.2,0.56,2.355989,0.03912516,11.29969512,7.165478019,0.945609131,45.7,0.408689581
江西,2018,0.19494836,13.9,0.57,2.338797,0.078614189,11.3819052,7.264569213,1.067134865,42.9,0.437918009
江西,2019,0.270221233,14.6,0.59,2.313624,0.124285238,11.52272727,7.336936914,1.089553894,43.6,0.536347056
江西,2020,0.282210946,16.6,0.6,2.270538,0.149373496,11.79875081,7.394493107,1.119041403,46.75,0.628234784
江西,2021,0.29797411,18.6,0.61,2.231,0.021412575,11.93031914,7.529943371,1.078023083,49.9,0.673602504
江西,2022,0.253155082,19.4,0.62,2.191864,0.021873338,11.99040111,7.592366129,1.132121931,49,0.667629218
辽宁,2011,0.268821925,13.8,0.64,2.666583,0.028873545,12.0195563,7.529154009,0.729227358,28.4,0.744378303
辽宁,2012,0.257847875,12.5,0.66,2.674981,0.028804534,12.13115512,7.549556532,0.798073569,25.5,0.772851134
辽宁,2013,0.268745571,12.9,0.66,2.627399,0.030178876,12.11837194,7.605143454,0.87255818,26,1.013492415
辽宁,2014,0.263589978,15.7,0.67,2.598695,0.032438398,12.19925445,7.620082344,0.994036819,28.9,0.985601696
辽宁,2015,0.260439247,16.8,0.68,2.581571,0.038703114,12.23872859,7.593318776,1.175838267,30.7,0.98167494
辽宁,2016,0.241935313,17.4,0.69,2.552286,0.057008515,12.27035176,7.619429764,1.358505918,31.3,0.872527866
辽宁,2017,0.240843326,18.6,0.69,2.545501,0.046110878,12.6630227,7.66645609,1.376148111,32,0.871918103
辽宁,2018,0.167542338,20,0.7,2.547898,0.082309343,12.84130995,7.74169865,1.37484805,33.6,0.919645747
辽宁,2019,0.214904264,21.6,0.71,2.469394,0.117717574,12.90626992,7.783640596,1.393155268,35.4,0.986285651
辽宁,2020,0.219852164,24.15,0.72,2.313811,0.146618671,12.9377937,7.792761721,1.428704248,38.7,1.03212071
辽宁,2021,0.20278573,26.7,0.73,2.240256,0.023041517,13.03963373,7.853993087,1.306974907,42,1.104765854
辽宁,2022,0.195164144,28.8,0.73,2.210317,0.021896476,13.15599156,7.844240718,1.308080186,43.7,1.104447781
内蒙古,2011,0.199950144,8.7,0.57,2.998127,0.025517386,10.14717855,7.530517548,1.014935707,25.9,-0.331619413
内蒙古,2012,0.206575081,10.1,0.58,2.967697,0.025815691,10.15820729,7.609267376,0.980169536,27.8,-0.243316939
内蒙古,2013,0.214967996,11,0.6,2.894157,0.02731884,10.03937242,7.687951336,1.014229687,28.7,-0.090184652
内蒙古,2014,0.225889593,12.1,0.61,2.84182,0.027787349,10.18297363,7.790174804,1.05697638,29.7,-0.077763786
内蒙古,2015,0.210629776,12.4,0.62,2.839087,0.030912928,10.46715228,7.841048643,1.147964703,29.2,-0.111371614
内蒙古,2016,0.203128859,12.1,0.63,2.840469,0.020080171,10.62327666,7.86519947,1.175472239,28.6,-0.110635231
内蒙古,2017,0.196552664,14.3,0.65,2.834552,0.034696105,10.73594005,7.969658631,1.255298504,32.3,-0.120810611
内蒙古,2018,0.13276197,12.8,0.66,2.775121,0.081355853,10.71114575,8.117741964,1.271379866,30.1,-0.068355774
内蒙古,2019,0.178179845,13.3,0.66,2.668455,0.123524677,10.97543069,8.203304027,1.269550946,30.3,-0.007168062
内蒙古,2020,0.178564444,16.2,0.67,2.496107,0.153449059,10.93460585,8.268731832,1.204525057,34.2,0.081958706
内蒙古,2021,0.178825304,19.1,0.68,2.42008,0.017000104,11.01205017,8.283241441,0.90394308,38.1,0.176102599
内蒙古,2022,0.174758345,20.4,0.69,2.357059,0.015143508,10.83170686,8.364275085,0.826364237,38.9,-0.014386057
宁夏,2011,0.163533956,7.4,0.5,2.91536,0.029808041,8.389132521,6.585536971,0.909980431,35.9,-0.294889878
宁夏,2012,0.140486971,9.2,0.51,2.878837,0.030815626,8.038512021,6.609079665,0.956675063,38.9,-0.240128335
宁夏,2013,0.157060131,9.7,0.53,2.826161,0.030793623,8.171034189,6.698514633,0.998112317,37.6,-0.142997474
宁夏,2014,0.172288612,9.2,0.55,2.768728,0.041491386,8.549466752,6.743764679,1.026667864,36.1,-0.107230781
宁夏,2015,0.168991134,10.2,0.57,2.761926,0.052547666,9.101863896,6.778022377,1.097600287,37.9,-0.044548683
宁夏,2016,0.138484836,10.7,0.59,2.75609,0.091232369,9.071882579,6.787743512,1.153428838,36.9,-0.037337987
宁夏,2017,0.13826707,11.6,0.61,2.744645,0.068756546,10.32285557,6.885816371,1.097937411,36.7,0.011605095
宁夏,2018,0.104750253,12.7,0.62,2.724206,0.136866284,9.824281994,6.970589223,1.171090653,41,0.095266761
宁夏,2019,0.149163321,13.6,0.64,2.669778,0.203847453,10.18350281,6.988413182,1.18543255,43.3,0.082957956
宁夏,2020,0.15929082,14,0.65,2.571819,0.239966206,10.20333285,6.945051064,1.220769656,43.15,0.240948729
宁夏,2021,0.187098861,14.4,0.66,2.496642,0.027560611,10.23995979,7.054449658,1.012004573,43,0.318614968
宁夏,2022,0.236436024,14.9,0.66,2.446379,0.025186987,10.32219789,7.13089883,0.925751302,42.9,0.411470669
青海,2011,0.123214327,8.1,0.47,3.388889,0.03502211,8.053251154,6.329150333,1.201591032,36,-0.08648052
青海,2012,0.156013399,9.7,0.48,3.277798,0.037231956,7.947678571,6.400589616,1.183650435,38.2,0.047299954
青海,2013,0.178907737,9.8,0.49,3.149489,0.035180849,8.000014094,6.516636765,1.215271659,37.1,0.506965857
青海,2014,0.190774009,9.5,0.51,3.062886,0.043447709,8.037543185,6.583699636,1.282876329,34.1,0.584762143
青海,2015,0.223845363,9.7,0.52,3.093659,0.052427524,8.908694593,6.489204931,1.367757194,37.3,0.482884174
青海,2016,0.192897543,9.9,0.54,3.088296,0.031634539,8.926251835,6.457569963,1.347585571,36.9,0.515411092
青海,2017,0.189514339,11,0.55,3.082752,0.068027512,8.948845729,6.532348848,1.282156401,38.8,0.566595597
青海,2018,0.136453345,10.4,0.57,3.032329,0.15646401,8.971321472,6.604404423,1.267440797,37.3,0.640017817
青海,2019,0.176700145,11.9,0.59,2.941995,0.219334664,8.966228514,6.573680167,1.287199931,39,0.756027564
青海,2020,0.15885964,13.05,0.6,2.876843,0.278131842,8.964311948,6.609349243,1.337123863,41.5,0.838495592
青海,2021,0.161576942,14.2,0.61,2.774552,0.028666686,9.230142999,6.754604099,1.221294057,44,0.880115013
青海,2022,0.133045092,14.7,0.61,2.679579,0.02780921,9.287301413,6.826545224,1.038969202,43.9,0.936242608
山东,2011,0.404529542,14.6,0.51,2.582251,0.019741492,11.87321188,8.198435914,0.771365194,35.7,0.382584645
山东,2012,0.38528198,14.3,0.52,2.576899,0.020757817,11.97107157,8.241334282,0.828843903,36.3,0.435415406
山东,2013,0.421835929,14.9,0.53,2.515393,0.02072265,12.08102516,8.314611783,0.896462223,36,0.59537109
山东,2014,0.412090272,15.8,0.55,2.45935,0.023902762,12.20220016,8.348417079,0.954892318,37.5,0.606277296
山东,2015,0.416860908,16.2,0.57,2.439675,0.026381778,12.29835096,8.54033338,1.030473627,38.9,0.625985384
山东,2016,0.40346846,16.3,0.59,2.437437,0.019825273,12.43668424,8.592439801,1.109610796,40,0.564428133
山东,2017,0.419920385,18.6,0.61,2.433457,0.029957107,12.62549983,8.599723878,1.16074665,44.1,0.565761857
山东,2018,0.31296134,22.7,0.61,2.426766,0.062721479,12.75196324,8.713396286,1.24164629,49.6,0.584876053
山东,2019,0.38700676,23.8,0.62,2.381378,0.092210983,13.26287634,8.735364401,1.322304574,50.4,0.606910703
山东,2020,0.441377044,24.05,0.63,2.33168,0.112554633,14.00390365,8.845057054,1.369702039,51.35,0.654972777
山东,2021,0.429312587,24.3,0.64,2.263441,0.019846838,14.30580689,8.906935339,1.340410239,52.3,0.773062876
山东,2022,0.407828271,25.6,0.65,2.218453,0.020188429,14.75227036,8.930494185,1.351706918,52.8,0.845335077
山西,2011,0.220835239,10.2,0.5,2.885944,0.028052781,10.37032994,7.408779021,0.52705105,31.5,-0.126171341
山西,2012,0.219448924,10.4,0.51,2.8641,0.029052855,10.37233426,7.476359124,0.611204343,31,-0.041072836
山西,2013,0.218801737,10.5,0.53,2.800101,0.030010736,10.43945447,7.513327287,0.688972667,31.1,-0.007819091
山西,2014,0.238348171,11.1,0.54,2.732319,0.035646163,10.57436356,7.508035792,0.78082471,30.5,0.022768705
山西,2015,0.211535856,12.1,0.56,2.731965,0.043199827,10.6239337,7.460035657,1.128513133,32,-0.024484455
山西,2016,0.200041577,11.5,0.57,2.712954,0.032275363,10.64929834,7.493974049,1.194559606,31.7,-0.039344167
山西,2017,0.223949194,11.9,0.59,2.700408,0.045334007,10.81424299,7.596196403,1.074525643,32.6,-0.063148549
山西,2018,0.154823035,13.9,0.6,2.641277,0.091927438,11.05106459,7.678108841,1.151021274,35,-0.03896684
山西,2019,0.202725202,14.9,0.61,2.57805,0.146893485,11.15819149,7.724004657,1.161217738,35.8,0.068179029
山西,2020,0.209363416,17.15,0.63,2.507062,0.181795041,11.43560156,7.758760544,1.163905909,38.9,0.243556178
山西,2021,0.215628713,19.4,0.63,2.445323,0.022097996,11.39639165,7.866338923,0.864165969,42,0.341009181
山西,2022,0.199362516,20.7,0.64,2.421859,0.018955988,11.03003921,7.908754739,0.750983861,42.7,0.386907503
陕西,2011,0.249815762,11.1,0.47,3.252371,0.028604376,9.897871814,6.890069809,0.694508274,30.7,0.482139927
陕西,2012,0.228283748,12.1,0.5,3.22498,0.027322783,10.34592726,6.97232505,0.68511488,30.4,0.592398178
陕西,2013,0.25063464,13.1,0.52,3.150874,0.026249029,10.50859556,7.049428437,0.715597529,33.2,0.753249521
陕西,2014,0.247557297,14.3,0.53,3.071861,0.03255854,10.70848912,7.111520273,0.750757324,34.3,0.806931621
陕西,2015,0.234420866,13.9,0.55,3.040626,0.042298366,10.85071478,7.108023166,0.881113958,34,0.824786781
陕西,2016,0.245962858,14.4,0.56,3.02682,0.063206432,10.93455235,7.213075874,0.947981811,34.4,0.872632535
陕西,2017,0.244682223,15.1,0.58,3.001461,0.044348253,11.29026929,7.309714248,0.950979326,36.5,0.890595471
陕西,2018,0.187522992,15,0.6,2.971462,0.098354432,11.68507883,7.374108504,0.971565629,34.3,0.932631908
陕西,2019,0.257209569,16.4,0.61,2.928606,0.13802181,11.70593965,7.555905094,1.020637548,36.2,1.012339139
陕西,2020,0.249374062,18.35,0.63,2.843797,0.168580626,12.11872667,7.46221494,1.116057744,40.7,1.110061471
陕西,2021,0.264959335,20.3,0.64,2.761139,0.171338889,12.18331566,7.70391021,0.976738712,45.2,1.171457031
陕西,2022,0.250051171,21.4,0.64,2.701923,0.019502287,12.20856953,7.77148876,0.898903195,45.9,1.376651589
上海,2011,0.464588553,9.4,0.89,2.356167,0.023261242,12.84093637,7.200141271,1.433892745,19.3,0.497379585
上海,2012,0.462024748,10.9,0.89,2.35675,0.029941438,12.93306071,7.210375224,1.590646065,21.2,0.529078285
上海,2013,0.399097592,13.3,0.9,2.336422,0.045272133,13.03447816,7.251770425,1.784348036,25,0.620233562
上海,2014,0.408816546,12.1,0.89,2.30469,0.03585354,13.18151303,7.221857739,1.911725528,24.7,0.62457715
上海,2015,0.374837965,16.5,0.89,2.282353,0.043312721,13.40192204,7.248183964,2.182596596,28.5,0.55457071
上海,2016,0.35545221,16.8,0.89,2.260658,0.035942694,13.5065994,7.303856684,2.473967935,29.3,0.46055499
上海,2017,0.35562709,18.8,0.89,2.249632,0.042692774,13.59016333,7.330909672,2.444734881,31.9,0.427824571
上海,2018,0.27166155,19.9,0.89,2.239802,0.062672756,13.69324235,7.356701244,2.465668674,33,0.417415504
上海,2019,0.340772629,22.1,0.89,2.217653,0.079248859,13.76970638,7.358193753,2.716106184,35.7,0.400911526
上海,2020,0.390649676,23.05,0.89,2.189482,0.094218149,13.84836006,7.36264527,2.787622093,36.6,0.527898081
上海,2021,0.390290618,24,0.89,2.139846,0.051920628,14.01066607,7.467371067,2.831991695,37.5,0.488505649
上海,2022,0.372188717,26.1,0.89,2.11518,0.054124907,14.04336301,7.465082736,2.919384249,39.7,0.532369978
四川,2011,0.267228574,16.8,0.42,2.734358,0.028820662,10.95813054,7.468193586,0.817013501,39.3,0.640092723
四川,2012,0.27984488,16.4,0.43,2.715285,0.02893981,11.06734124,7.512453686,0.850210576,39,0.713191687
四川,2013,0.296299219,18.1,0.45,2.652189,0.029044401,11.1912039,7.5750717,0.873000024,41.5,0.764526871
四川,2014,0.297285855,20,0.47,2.592426,0.035545958,11.32360346,7.608270251,0.938942267,43.3,0.792232422
四川,2015,0.303037822,18.2,0.48,2.557334,0.042221989,11.38972905,7.597095221,1.022444571,40.5,0.84666514
四川,2016,0.292214513,19.5,0.5,2.529233,0.056444955,11.45310115,7.65017822,1.173805399,42.2,0.884960726
四川,2017,0.311419845,19.8,0.52,2.513045,0.039833648,11.63334502,7.698564417,1.309165912,42.4,0.884148316
四川,2018,0.229130015,21.8,0.54,2.491636,0.084932905,11.74051512,7.80770929,1.396141223,45.7,0.897607735
四川,2019,0.305314451,23.2,0.55,2.464485,0.12084441,12.57438956,7.877017896,1.417759005,47.4,0.982323098
四川,2020,0.31229791,24.75,0.57,2.401469,0.166254172,12.59905686,7.960323629,1.453203546,48.55,1.124962235
四川,2021,0.315246999,26.3,0.58,2.358122,0.02443444,12.38254379,8.094073148,1.427399911,49.7,1.142924742
四川,2022,0.294871211,27.1,0.58,2.315392,0.023966352,12.49948825,8.145259567,1.459507367,49.6,1.197968066
天津,2011,0.285014629,12.3,0.8,2.023114,0.021730497,11.65099903,6.54412765,1.122168091,25.7,-0.080587729
天津,2012,0.286507934,13.4,0.82,1.95586,0.020457767,11.68614741,6.58271742,1.151693275,28.5,-0.028896785
天津,2013,0.26988405,14.8,0.82,1.887579,0.024506827,11.75526754,6.65221766,1.221574278,29.3,0.128207569
天津,2014,0.278344005,15.1,0.83,1.851769,0.022894343,11.87858195,6.677536759,1.270999892,29,0.174482883
天津,2015,0.275197953,12.9,0.83,1.845093,0.029509601,12.10806282,6.685361447,1.387116892,25.7,0.203137063
天津,2016,0.249738351,14.6,0.83,1.848476,0.022835073,12.31310476,6.694475421,1.589010989,28.6,0.254718567
天津,2017,0.245943785,14.6,0.84,1.851522,0.03267388,12.44832447,6.691574928,1.690913871,29.2,0.219994642
天津,2018,0.187932611,13.9,0.84,1.863256,0.063687435,12.57977185,6.751265198,1.727359212,26.9,0.248231568
天津,2019,0.292645961,15.6,0.84,1.859337,0.095578316,12.64608088,6.777646594,1.803626294,28.8,0.307055203
天津,2020,0.274699509,19.05,0.85,1.855085,0.127006087,12.63272178,6.774223886,1.80909239,35,0.465496966
天津,2021,0.274727553,22.5,0.85,1.841746,0.022088549,13.83697846,6.889591308,1.718141273,41.2,0.532180726
天津,2022,0.254642934,24.3,0.85,1.826556,0.021176333,12.63035951,6.898714534,1.650987079,42.8,0.573082477
新疆,2011,0.168033585,9,0.44,2.812916,0.034675285,8.630878956,6.732329889,0.773065236,36.2,-0.657942687
新疆,2012,0.177915335,9.3,0.44,2.765998,0.035531036,8.803123731,7.048820719,0.8665023,37.5,-0.536846244
新疆,2013,0.184362844,8.8,0.45,2.687779,0.03419079,8.772300418,7.339407817,1.030546855,37.4,-0.588518605
新疆,2014,0.19515577,9.5,0.47,2.660935,0.03769858,8.934059722,7.549735473,1.052019951,38.9,-0.516933645
新疆,2015,0.169515565,10,0.49,2.787798,0.043197086,9.04993685,7.678020896,1.291663039,40.7,-0.51034107
新疆,2016,0.160363838,10.3,0.5,2.795149,0.059356338,9.176369852,7.747795437,1.36722672,42.4,-0.453393745
新疆,2017,0.165056393,10.4,0.52,2.786329,0.032967275,9.497247144,7.841040778,1.345613007,43.2,-0.397902341
新疆,2018,0.366946369,10.2,0.54,2.736033,0.069808945,9.959442465,7.895987066,1.387121017,42.4,-0.29447763
新疆,2019,0.164467812,11.9,0.56,2.64167,0.150695258,10.09092102,7.961370202,1.469546861,47.5,-0.253141598
新疆,2020,0.163654804,11.7,0.57,2.478515,0.227384184,10.37480282,8.038834758,1.469237679,44.9,-0.125638458
新疆,2021,0.173076659,11.5,0.57,2.416822,0.025602026,10.9472916,8.149023868,1.21612478,42.3,0.049772541
新疆,2022,0.17315425,11.9,0.58,2.320846,0.023136265,11.02841715,8.156797047,1.076103234,41.3,-0.178021811
云南,2011,0.20179607,10.6,0.37,3.473114,0.034029778,9.935034668,7.093462764,1.132156163,37.5,0.356611304
云南,2012,0.19154492,10.7,0.38,3.435245,0.032750043,10.02397803,7.182276121,1.121164543,37.6,0.481801276
云南,2013,0.212734982,11.1,0.4,3.340274,0.037127713,10.08984263,7.286054719,1.189181082,39,0.623615095
云南,2014,0.210150406,12.1,0.41,3.258986,0.040369187,10.13670024,7.332617704,1.238296289,38.3,0.660398513
云南,2015,0.221404001,11.6,0.43,3.19983,0.052979947,10.39574179,7.271432649,1.345485005,38,0.671090392
云南,2016,0.23172991,11.6,0.45,3.171951,0.033663022,10.40441434,7.25171371,1.460851863,38.7,0.716609813
云南,2017,0.229036227,11.6,0.46,3.142973,0.065439251,10.52894458,7.338303167,1.555889708,37.6,0.738058414
云南,2018,0.167488217,13.2,0.47,3.109955,0.123040349,10.90354942,7.426001303,1.529342965,38.2,0.772312905
云南,2019,0.256596237,13.7,0.49,3.044698,0.185307713,11.11392442,7.502186487,1.504354623,38.7,0.942879364
云南,2020,0.238803044,14.95,0.5,2.920106,0.236437783,11.86661295,7.61332498,1.49704918,41.3,1.096302661
云南,2021,0.219561964,16.2,0.51,2.881243,0.023889609,12.00823128,7.668093709,1.446242084,43.9,1.166604598
云南,2022,0.192737654,16.8,0.52,2.783918,0.022239381,12.37539339,7.779048645,1.426232424,43.7,1.181855658
浙江,2011,0.597866058,10.9,0.62,2.137071,0.028189472,12.21562191,8.044597405,0.863413435,26.9,0.540480389
浙江,2012,0.5643484,11.1,0.63,2.141339,0.029782979,12.2913784,8.074213115,0.923159532,26.7,0.575338652
浙江,2013,0.566941559,11.7,0.64,2.119584,0.031568538,12.39009276,8.147027657,0.960925628,26.8,0.679333509
浙江,2014,0.547540903,12.3,0.65,2.085015,0.042086545,12.47945674,8.162342297,0.955849382,27.6,0.66575074
浙江,2015,0.556404054,14.9,0.66,2.069302,0.054981277,12.58386847,8.175800871,1.025389924,31.9,0.686583073
浙江,2016,0.572310567,15.4,0.68,2.065818,0.07862587,12.67566994,8.261833736,1.102965514,32.6,0.742345196
浙江,2017,0.544839203,16.6,0.69,2.054055,0.067133585,12.83044568,8.341083501,1.171026425,32.7,0.761356191
浙江,2018,0.415370286,17.7,0.7,2.035529,0.110779231,13.00759878,8.419099541,1.213793212,36.4,0.784502881
浙江,2019,0.560691357,19.3,0.72,2.014393,0.158402094,13.12374842,8.456593569,1.295682427,37.2,0.870182977
浙江,2020,0.584060848,19.4,0.72,1.963639,0.195092648,13.28662958,8.482601747,1.371746676,37.5,0.904264192
浙江,2021,0.5301193,19.5,0.73,1.943059,0.044828257,13.410995,8.615045592,1.304134856,37.8,0.927517997
浙江,2022,0.499284506,20.7,0.73,1.897192,0.042360166,13.46864449,8.665440768,1.301081465,38.6,1.118500627
重庆,2011,0.254983842,17.4,0.55,2.803482,0.023879456,10.71871961,6.575117681,1.049110756,39.8,0.552680684
重庆,2012,0.262606144,18.3,0.57,2.790725,0.023903118,10.89105654,6.584100546,1.018744937,41.5,0.635618002
重庆,2013,0.260823041,18.6,0.58,2.714942,0.025322592,10.98259417,6.701100045,1.018217947,40.6,0.742213776
重庆,2014,0.285985738,20,0.6,2.649842,0.028589052,11.1201347,6.765315755,1.012384495,41.6,0.785639919
重庆,2015,0.281215996,18.7,0.61,2.592956,0.034434626,11.27523918,6.774646654,1.077247503,40.6,0.850788403
重庆,2016,0.271664172,19.8,0.63,2.563858,0.049247519,11.38583046,6.829674812,1.161652973,41.7,0.986244624
重庆,2017,0.254640043,20.6,0.65,2.547318,0.035454167,11.45696868,6.904299314,1.222377292,44.2,1.008061791
重庆,2018,0.211779088,21.1,0.67,2.531674,0.077636089,11.61445264,7.020003023,1.285641582,45.8,1.080070668
重庆,2019,0.280874938,22.6,0.68,2.507038,0.117250994,11.61791591,7.056175284,1.348189949,47.3,1.209209328
重庆,2020,0.296961337,24.55,0.69,2.445205,0.135475091,11.72718971,7.07834158,1.330875863,48.3,1.370333226
重庆,2021,0.315333813,26.5,0.7,2.403481,0.162962723,11.80185676,7.201170883,1.331701925,49.3,1.436035363
重庆,2022,0.328886002,27.3,0.71,2.356392,0.020003079,11.95761129,7.247080585,1.404502417,49,1.521844163
